model,rmse,wape,train_time_sec
ETS,56.728156573,33.27109657834,2.04828793445
SARIMAX,87.32215535,51.1870456783,161.56378945973
XGBoost,45.32815456,29.0770947594477,312.640425899997354
LSTM,37.72097017549248,25.064630614471135,527.62302030000137
TFT-compact,21.238479958026073,17.98001714883034,2217.394809199992
TFT-base,21.295245320146925,18.173795315412004,2218.3175021000206
TFT-context,21.76792091969056,19.47954452643772,2314.783636999986
