model,mae,accuracy,precision,train_time_sec
ETS_PCR,0.9502735129660493,0.6356409531882829,0.39,1.17694140000094194
SARIMAX_PCR,1.1354338236953934,0.5258547612319865,0.346045839355771216,278.5963222999998834
XGBoost_PCR,0.8902907667593215,0.7786386449184442,0.5407103474804462,354.12922139999864157
LSTM_PCR,1.2561816097595682,0.8400018837713101,0.45,509.630955499989795
PatchTST_PCR_compact,0.8473632421377666,0.9067533201469342,0.51,947.22922799999651
PatchTST_PCR_base,0.9158228536969607,0.8742582650466233,0.47,1074.30811790000007
PatchTST_PCR_long_context,1.0667900412075706,0.8393444475840633,0.41,1133.75875929999165