{
  "threshold": 0.5000000000000001,
  "val_mae": 0.4927600920200348
}