{
  "threshold": 0.5000000000000001,
  "val_mae": 0.49682891368865967
}