{
  "threshold": 0.5000000000000001,
  "val_mae": 0.4934445023536682
}